{
    "normals":[0.298828,0.254675,-0.919697,0.782341,0.254675,-0.568404,0.967027,0.254675,0,0.782341,0.254675,0.568404,0.298828,0.254675,0.919697,-0.298828,0.254676,0.919697,-0.782341,0.254675,0.568404,-0.967027,0.254675,0,0.694959,0.511947,0.504918,-0.782341,0.254675,-0.568404,-0.298827,0.254675,-0.919697,0.763187,-0.646178,0,-0.298827,-0.254676,-0.919697,-0.309017,-0,-0.951057,-0.782341,-0.254676,-0.568404,-0.809017,-0,-0.587785,-0.967027,-0.254675,0,-1,0,0,-0.782341,-0.254676,0.568404,-0.809017,0,0.587785,-0.298828,-0.254676,0.919697,-0.309017,0,0.951056,0.298827,-0.254675,0.919697,0.309017,0,0.951057,0.782341,-0.254675,0.568404,0.809017,0,0.587785,0.967027,-0.254675,0,1,0,0,0.782341,-0.254675,-0.568404,0.809017,-0,-0.587785,0.298828,-0.254675,-0.919697,0.309017,-0,-0.951057,0,1,0,0,1,-0,-0,1,0,0,1,0,0.859017,0.511947,0,0.69496,0.511947,-0.504918,0.265451,0.511947,-0.816974,-0.265451,0.511947,-0.816974,-0.694959,0.511947,-0.504918,-0.265451,0.511947,0.816974,-0.859017,0.511947,0,-0.694959,0.511947,0.504918,0.265451,0.511947,0.816974,-0,-1,0,0,-1,-0,0,-1,0,0.617431,-0.646178,-0.44859,0.235838,-0.646177,-0.725834,-0.235838,-0.646178,-0.725834,-0.617431,-0.646177,-0.44859,-0.235838,-0.646177,0.725834,-0.763187,-0.646177,0,-0.617432,-0.646177,0.44859,0.235838,-0.646177,0.725834,0.617431,-0.646177,0.44859],
    "materials":[{
        "blending":"NormalBlending",
        "DbgIndex":0,
        "opacity":1,
        "visible":true,
        "colorEmissive":[0,0,0],
        "wireframe":false,
        "colorSpecular":[0.5,0.5,0.5],
        "DbgColor":15658734,
        "depthWrite":true,
        "DbgName":"Sodacan",
        "colorDiffuse":[0.64,0.64,0.64],
        "transparent":false,
        "shading":"phong",
        "depthTest":true,
        "specularCoef":50
    },{
        "blending":"NormalBlending",
        "DbgIndex":1,
        "opacity":1,
        "visible":true,
        "colorEmissive":[0,0,0],
        "wireframe":false,
        "colorSpecular":[0.5,0.5,0.5],
        "DbgColor":15597568,
        "depthWrite":true,
        "DbgName":"SodaCanMiddle",
        "colorDiffuse":[0.64,0.64,0.64],
        "transparent":false,
        "shading":"phong",
        "depthTest":true,
        "specularCoef":50
    }],
    "uvs":[],
    "metadata":{
        "normals":57,
        "type":"Geometry",
        "version":3,
        "vertices":60,
        "generator":"io_three",
        "materials":2,
        "uvs":0,
        "faces":66
    },
    "vertices":[0,-1.05705,-0.64097,0,1.06292,-0.64097,0.376753,-1.05705,-0.518556,0.376753,1.06292,-0.518556,0.609599,-1.05705,-0.198071,0.609599,1.06292,-0.198071,0.609599,-1.05705,0.198071,0.609599,1.06292,0.198071,0.376753,-1.05705,0.518556,0.376753,1.06292,0.518556,-0,-1.05705,0.64097,-0,1.06292,0.64097,-0.376753,-1.05705,0.518556,-0.376753,1.06292,0.518555,-0.609599,-1.05705,0.198071,-0.609599,1.06292,0.198071,-0.609599,-1.05705,-0.198071,-0.609599,1.06292,-0.198071,-0.376752,-1.05705,-0.518556,-0.376752,1.06292,-0.518556,0,-0.896347,-0.68547,0,0.902212,-0.68547,0.402909,0.902212,-0.554557,0.402909,-0.896347,-0.554557,0.651921,0.902212,-0.211822,0.651921,-0.896347,-0.211822,0.651921,0.902212,0.211822,0.651921,-0.896347,0.211822,0.402909,0.902212,0.554557,0.402909,-0.896347,0.554557,-0,0.902212,0.68547,-0,-0.896347,0.68547,-0.402909,0.902212,0.554557,-0.402909,-0.896347,0.554557,-0.651921,0.902212,0.211822,-0.651921,-0.896347,0.211822,-0.651921,0.902212,-0.211822,-0.651921,-0.896347,-0.211822,-0.402909,0.902212,-0.554557,-0.402909,-0.896347,-0.554557,0,0.977946,-0.587725,0.345456,0.977946,-0.47548,0.55896,0.977946,-0.181617,0.55896,0.977946,0.181617,0.345456,0.977946,0.47548,-0,0.977946,0.587725,-0.345456,0.977946,0.47548,-0.55896,0.977946,0.181617,-0.55896,0.977946,-0.181617,-0.345456,0.977946,-0.47548,0,-0.989679,-0.580993,0.341499,-0.989679,-0.470034,0.552558,-0.989679,-0.179537,0.552558,-0.989679,0.179537,0.341499,-0.989679,0.470034,-0,-0.989679,0.580994,-0.341499,-0.989679,0.470034,-0.552558,-0.989679,0.179537,-0.552558,-0.989679,-0.179537,-0.341499,-0.989679,-0.470034],
    "faces":[35,21,1,3,22,0,0,0,0,0,35,22,3,5,24,0,1,1,1,1,35,24,5,7,26,0,2,2,2,2,35,26,7,9,28,0,3,3,3,3,35,28,9,11,30,0,4,4,4,4,35,30,11,13,32,0,5,5,5,5,35,32,13,15,34,0,6,6,6,6,35,34,15,17,36,0,7,7,7,7,35,19,17,48,49,0,8,8,8,8,35,36,17,19,38,0,9,9,9,9,35,38,19,1,21,0,10,10,10,10,35,14,16,58,57,0,11,11,11,11,35,20,0,18,39,0,12,12,12,12,35,39,38,21,20,1,13,13,13,13,35,16,37,39,18,0,14,14,14,14,35,37,36,38,39,1,15,15,15,15,35,14,35,37,16,0,16,16,16,16,35,35,34,36,37,1,17,17,17,17,35,12,33,35,14,0,18,18,18,18,35,33,32,34,35,1,19,19,19,19,35,10,31,33,12,0,20,20,20,20,35,31,30,32,33,1,21,21,21,21,35,8,29,31,10,0,22,22,22,22,35,29,28,30,31,1,23,23,23,23,35,6,27,29,8,0,24,24,24,24,35,27,26,28,29,1,25,25,25,25,35,4,25,27,6,0,26,26,26,26,35,25,24,26,27,1,27,27,27,27,35,2,23,25,4,0,28,28,28,28,35,23,22,24,25,1,29,29,29,29,35,0,20,23,2,0,30,30,30,30,35,20,21,22,23,1,31,31,31,31,34,42,41,40,0,32,32,32,34,40,49,48,0,32,32,32,34,48,47,46,0,32,32,32,34,46,45,44,0,32,32,32,34,44,43,42,0,33,33,33,34,42,40,48,0,34,34,34,34,48,46,44,0,35,35,35,34,48,44,42,0,35,35,35,35,17,15,47,48,0,36,36,36,36,35,15,13,46,47,0,37,37,37,37,35,13,11,45,46,0,38,38,38,38,35,11,9,44,45,0,39,39,39,39,35,9,7,43,44,0,40,40,40,40,35,3,1,40,41,0,41,41,41,41,35,7,5,42,43,0,42,42,42,42,35,5,3,41,42,0,43,43,43,43,35,1,19,49,40,0,44,44,44,44,34,59,50,51,0,45,45,45,34,51,52,53,0,46,46,46,34,53,54,55,0,47,47,47,34,55,56,57,0,47,47,47,34,57,58,59,0,47,47,47,34,59,51,53,0,47,47,47,34,53,55,57,0,47,47,47,34,53,57,59,0,47,47,47,35,12,14,57,56,0,48,48,48,48,35,10,12,56,55,0,49,49,49,49,35,8,10,55,54,0,50,50,50,50,35,6,8,54,53,0,51,51,51,51,35,0,2,51,50,0,52,52,52,52,35,4,6,53,52,0,53,53,53,53,35,2,4,52,51,0,54,54,54,54,35,18,0,50,59,0,55,55,55,55,35,16,18,59,58,0,56,56,56,56]
}