{
    "normals":[-0,-0,-1,1,-0,0,0.354397,-0.935095,-0,-0.354397,-0.935095,-0,0,0,1,-0,0,1,0,0,1,-0,0,1,-0,0,1,-1,-0,0,-0.354397,0.935095,0,-0,0,-1,-0,-0,-1,0,0,-1,0,-0,-1,0,-0,-1,0.354396,0.935095,0,1,-4e-06,0,-1,-0,0,1,0,0,0,0,1,4e-06,1,-2e-06,0,2e-06,1,0,-2e-06,-1,-0,-2e-06,-1,-1,4e-06,-0,4e-06,1,-4e-06,-4e-06,-1,4e-06,0,2e-06,1,-0,-0,-1,1,-0,-0,0,0,1,-0,0,1,-0,0,1,-0,-0,-1,0,-0,-1,0.354397,0.935095,0,4e-06,1,-2e-06,0,0,1],
    "materials":[{
        "blending":"NormalBlending",
        "DbgIndex":0,
        "opacity":1,
        "visible":true,
        "colorEmissive":[0,0,0],
        "wireframe":false,
        "colorSpecular":[0.5,0.5,0.5],
        "DbgColor":15658734,
        "depthWrite":true,
        "DbgName":"NoteMaterial",
        "colorDiffuse":[0.64,0.64,0.64],
        "transparent":false,
        "shading":"phong",
        "depthTest":true,
        "specularCoef":50
    }],
    "uvs":[],
    "metadata":{
        "normals":39,
        "type":"Geometry",
        "version":3,
        "vertices":44,
        "generator":"io_three",
        "materials":1,
        "uvs":0,
        "faces":50
    },
    "vertices":[0.683986,-0.578528,-0.204805,0.683986,-0.578528,0.204805,1.23257,-0.78644,-0.204805,1.23257,-0.78644,0.204805,1.23257,-1.20226,-0.204805,1.23257,-1.20226,0.204805,0.683986,-1.41018,-0.204805,0.683986,-1.41018,0.204805,0.135398,-1.20226,-0.204805,0.135398,-1.20226,0.204805,0.135398,-0.78644,-0.204805,0.135398,-0.78644,0.204805,1.03721,-0.712399,-0.204805,1.03721,-0.712399,0.204805,1.03721,1.52918,-0.204805,1.23257,1.52918,-0.204805,1.23257,1.52918,0.204805,1.03721,1.52918,0.204805,1.03721,1.90371,-0.204806,1.23257,1.90371,-0.204806,1.23257,1.90371,0.204804,1.03721,1.90371,0.204804,-0.705157,1.52919,0.204805,-0.705157,1.52918,-0.204805,-0.705155,1.90372,0.204804,-0.705155,1.90372,-0.204806,-1.05838,-0.578528,-0.204805,-1.05838,-0.578528,0.204805,-0.509793,-0.78644,-0.204805,-0.509793,-0.78644,0.204805,-0.509793,-1.20226,-0.204805,-0.509793,-1.20226,0.204805,-1.05838,-1.41018,-0.204805,-1.05838,-1.41018,0.204805,-1.60697,-1.20226,-0.204805,-1.60697,-1.20226,0.204805,-1.60697,-0.78644,-0.204805,-1.60697,-0.78644,0.204805,-0.705156,-0.712399,-0.204805,-0.705156,-0.712399,0.204805,-0.705156,1.52918,-0.204805,-0.509793,1.52918,-0.204805,-0.509793,1.52918,0.204805,-0.705156,1.52918,0.204805],
    "faces":[35,2,12,14,15,0,0,0,0,0,35,2,3,5,4,0,1,1,1,1,35,4,5,7,6,0,2,2,2,2,35,6,7,9,8,0,3,3,3,3,34,5,3,13,0,4,4,4,34,13,1,11,0,5,5,5,34,11,9,7,0,6,6,6,34,7,5,13,0,7,7,7,34,13,11,7,0,8,8,8,35,8,9,11,10,0,9,9,9,9,35,1,0,10,11,0,10,10,10,10,34,10,0,12,0,11,11,11,34,12,2,4,0,12,12,12,34,4,6,8,0,13,13,13,34,8,10,12,0,14,14,14,34,12,4,8,0,15,15,15,35,0,1,13,12,0,16,16,16,16,35,16,15,19,20,0,17,17,17,17,35,12,13,17,14,0,18,18,18,18,35,3,2,15,16,0,19,19,19,19,35,13,3,16,17,0,20,20,20,20,35,18,21,20,19,0,21,21,21,21,35,17,16,20,21,0,22,22,22,22,35,15,14,18,19,0,23,23,23,23,35,18,14,23,25,0,24,24,24,24,35,23,22,24,25,0,25,25,25,25,35,21,18,25,24,0,26,26,26,26,35,14,17,22,23,0,27,27,27,27,35,17,21,24,22,0,28,28,28,28,35,28,38,40,41,0,29,29,29,29,35,28,29,31,30,0,30,30,30,30,35,30,31,33,32,0,2,2,2,2,35,32,33,35,34,0,3,3,3,3,34,31,29,39,0,31,31,31,34,39,27,37,0,5,5,5,34,37,35,33,0,6,6,6,34,33,31,39,0,32,32,32,34,39,37,33,0,33,33,33,35,34,35,37,36,0,9,9,9,9,35,36,37,27,26,0,10,10,10,10,34,36,26,38,0,11,11,11,34,38,28,30,0,34,34,34,34,30,32,34,0,13,13,13,34,34,36,38,0,35,35,35,34,38,30,34,0,15,15,15,35,26,27,39,38,0,36,36,36,36,35,40,43,42,41,0,37,37,37,37,35,38,39,43,40,0,18,18,18,18,35,29,28,41,42,0,19,19,19,19,35,39,29,42,43,0,38,38,38,38]
}