{
    "name":"CylinderGeometry.2",
    "uvs":[],
    "faces":[35,56,1,3,57,0,0,0,0,0,35,57,3,5,58,0,1,1,1,1,35,58,5,7,59,0,2,2,2,2,35,59,7,9,60,0,3,3,3,3,35,60,9,11,61,0,4,4,4,4,35,61,11,13,62,0,5,5,5,5,35,9,7,27,28,0,6,6,6,6,35,62,13,15,63,0,7,7,7,7,35,63,15,1,56,0,8,8,8,8,35,8,10,45,44,0,9,9,9,9,35,70,23,16,71,0,10,10,10,10,35,69,22,23,70,0,11,11,11,11,35,68,21,22,69,0,12,12,12,12,35,67,20,21,68,0,13,13,13,13,35,66,19,20,67,0,14,14,14,14,35,65,18,19,66,0,15,15,15,15,35,64,17,18,65,0,16,16,16,16,35,71,16,17,64,0,17,17,17,17,35,31,30,38,39,1,18,18,18,18,35,15,13,30,31,0,19,19,19,19,35,5,3,25,26,0,20,20,20,20,35,11,9,28,29,0,21,21,21,21,35,1,15,31,24,0,22,22,22,22,35,3,1,24,25,0,23,23,23,23,35,7,5,26,27,0,24,24,24,24,35,13,11,29,30,0,25,25,25,25,34,34,33,32,1,26,26,26,34,32,39,38,1,27,27,27,34,38,37,36,1,28,28,28,34,36,35,34,1,29,29,29,34,34,32,38,1,30,30,30,34,38,36,34,1,31,31,31,35,29,28,36,37,1,32,32,32,32,35,27,26,34,35,1,33,33,33,33,35,25,24,32,33,1,34,34,34,34,35,24,31,39,32,1,35,35,35,35,35,30,29,37,38,1,36,36,36,36,35,28,27,35,36,1,37,37,37,37,35,26,25,33,34,1,38,38,38,38,35,47,40,48,55,0,39,39,39,39,35,14,0,40,47,0,40,40,40,40,35,0,2,41,40,0,41,41,41,41,35,4,6,43,42,0,42,42,42,42,35,10,12,46,45,0,43,43,43,43,35,6,8,44,43,0,44,44,44,44,35,12,14,47,46,0,45,45,45,45,35,2,4,42,41,0,46,46,46,46,34,55,48,49,1,47,47,47,34,49,50,51,1,48,48,48,34,51,52,53,1,49,49,49,34,53,54,55,1,50,50,50,34,55,49,51,1,51,51,51,34,51,53,55,1,52,52,52,35,45,46,54,53,0,53,53,53,53,35,43,44,52,51,0,54,54,54,54,35,41,42,50,49,0,55,55,55,55,35,46,47,55,54,0,56,56,56,56,35,44,45,53,52,0,57,57,57,57,35,42,43,51,50,0,58,58,58,58,35,40,41,49,48,0,59,59,59,59,35,23,63,56,16,0,60,60,60,60,35,22,62,63,23,0,61,61,61,61,35,21,61,62,22,0,62,62,62,62,35,20,60,61,21,0,63,63,63,63,35,19,59,60,20,0,64,64,64,64,35,18,58,59,19,0,65,65,65,65,35,17,57,58,18,0,66,66,66,66,35,16,56,57,17,0,67,67,67,67,35,0,71,64,2,0,68,68,68,68,35,2,64,65,4,0,69,69,69,69,35,4,65,66,6,0,70,70,70,70,35,6,66,67,8,0,71,71,71,71,35,8,67,68,10,0,72,72,72,72,35,10,68,69,12,0,73,73,73,73,35,12,69,70,14,0,74,74,74,74,35,71,0,14,70,0,75,75,75,75],
    "vertices":[-1.72075,-0.210762,-0.514647,1.78556,-0.097139,-0.400591,-1.74142,-0.568562,-0.360309,1.86041,-0.348404,-0.275077,-1.74639,-0.71501,-1.2e-05,1.88006,-0.440431,0.005572,-1.74142,-0.568562,0.360285,1.84291,-0.349218,0.283077,-1.72075,-0.210762,0.514622,1.76043,-0.097453,0.400731,-1.67987,0.149775,0.365405,1.67135,0.167189,0.281435,-1.66202,0.296814,-1.2e-05,1.63771,0.27187,-0.005526,-1.67987,0.149775,-0.36543,1.68937,0.166973,-0.289329,0.025696,-0.611092,-0.594749,0.02553,-1.03086,-0.419876,0.025449,-1.20439,-1.2e-05,0.02553,-1.03086,0.419852,0.025696,-0.611092,0.594724,0.025782,-0.189843,0.421332,0.025781,-0.014829,-1.2e-05,0.025782,-0.189843,-0.421357,2.28789,0.234984,-0.146064,2.33771,0.155165,-0.09515,2.34851,0.123327,0.003243,2.32868,0.153459,0.099954,2.27407,0.23283,0.146419,2.19239,0.316445,0.101751,2.17092,0.3489,-0.003167,2.20177,0.318038,-0.106442,2.80714,0.786907,-0.14437,2.90872,0.706123,-0.097935,2.94423,0.675579,0.000118,2.90833,0.70625,0.098288,2.80613,0.787298,0.14439,2.70676,0.869454,0.100343,2.67014,0.902157,-0.000291,2.70744,0.869176,-0.100833,-2.52368,0.362903,-0.302713,-2.54333,0.157066,-0.207874,-2.54583,0.081339,-1.2e-05,-2.54333,0.157066,0.207849,-2.52368,0.362903,0.302688,-2.48651,0.579131,0.218383,-2.45348,0.662876,-1.2e-05,-2.48651,0.579131,-0.218408,-2.70088,0.552087,-0.122805,-2.73213,0.472325,-0.08365,-2.74341,0.44005,-1.2e-05,-2.73213,0.472325,0.083625,-2.70088,0.552087,0.12278,-2.65238,0.634895,0.089958,-2.63661,0.668545,-1.2e-05,-2.65238,0.634895,-0.089983,0.90071,-0.517781,-0.56087,0.914022,-0.91156,-0.39475,0.917692,-1.07393,2.7e-05,0.913991,-0.911505,0.394791,0.900676,-0.517683,0.560852,0.875401,-0.12109,0.398216,0.862194,0.042883,-3.1e-05,0.875327,-0.121147,-0.398284,-0.860735,-0.936252,-0.419007,-0.865116,-1.1088,-1.2e-05,-0.860735,-0.936252,0.418982,-0.846333,-0.518026,0.594501,-0.824826,-0.097805,0.420991,-0.815385,0.075786,-1.2e-05,-0.824826,-0.097805,-0.421016,-0.846333,-0.518026,-0.594526],
    "materials":[{
        "shading":"lambert",
        "wireframe":false,
        "visible":true,
        "depthWrite":true,
        "colorDiffuse":[0.770043,0.8,0],
        "blending":"NormalBlending",
        "opacity":1,
        "DbgName":"Standard_Yellow",
        "depthTest":true,
        "DbgIndex":2,
        "DbgColor":60928,
        "transparent":false,
        "colorEmissive":[0,0,0]
    },{
        "shading":"phong",
        "wireframe":false,
        "visible":true,
        "depthWrite":true,
        "specularCoef":50,
        "colorDiffuse":[0.64,0.64,0.64],
        "blending":"NormalBlending",
        "opacity":1,
        "colorSpecular":[0.5,0.5,0.5],
        "DbgName":"Banana_Black",
        "depthTest":true,
        "DbgIndex":1,
        "DbgColor":15597568,
        "transparent":false,
        "colorEmissive":[0,0,0]
    }],
    "metadata":{
        "uvs":0,
        "type":"Geometry",
        "normals":76,
        "generator":"io_three",
        "version":3,
        "faces":76,
        "vertices":72,
        "materials":2
    },
    "normals":[0.323699,-0.877966,0.352696,0.518623,-0.316991,0.79407,0.517728,0.329372,0.789603,0.321381,0.883571,0.340613,-0.013039,0.920609,-0.390268,-0.264832,0.36763,-0.891466,0.524423,0.829106,0.193815,-0.264549,-0.375384,-0.888313,-0.01239,-0.924535,-0.380896,0.025063,0.927793,-0.372253,0.040523,-0.924125,-0.379936,0.099149,-0.38146,-0.919053,0.099149,0.38146,-0.919053,0.040523,0.924125,-0.379936,-0.041648,0.922054,0.384814,-0.098639,0.379962,0.919728,-0.098639,-0.379962,0.919728,-0.041648,-0.922054,0.384814,-0.670848,-0.416481,-0.613602,-0.139033,-0.354007,-0.924851,0.743666,-0.260895,0.615545,0.142148,0.866874,-0.477833,0.156534,-0.873128,-0.461676,0.547968,-0.806157,0.223252,0.735015,0.307824,0.60415,-0.14123,0.344631,-0.928054,0.616076,0.022179,-0.787374,0.631002,-0.020335,-0.775515,0.631141,0.022304,-0.775347,0.615332,-0.021208,-0.787982,0.637126,-0.010649,-0.770686,0.637087,0.013011,-0.770682,-0.245638,0.940441,-0.235016,0.631664,0.389708,0.670171,0.286687,-0.914865,0.284311,-0.229272,-0.948334,-0.219309,-0.679445,0.38918,-0.622007,0.270744,0.924377,0.268748,0.638514,-0.365588,0.677233,-0.412198,-0.802033,-0.432245,0.025063,-0.927793,-0.372253,-0.456402,-0.825411,0.332256,-0.675809,0.276136,0.683397,0.386977,0.367952,-0.845494,-0.456402,0.825411,0.332256,0.386977,-0.367952,-0.845494,-0.675809,-0.276136,0.683397,-0.878091,0.192105,-0.438237,-0.943983,0,-0.329993,-0.878091,-0.192105,-0.438237,-0.905555,0,-0.424228,-0.897793,0,-0.440418,-0.897793,0,-0.440417,0.031663,0.359982,-0.932422,-0.754237,0.635815,0.163908,-0.864391,-0.210134,0.456807,0.031663,-0.359982,-0.932422,-0.412198,0.802033,-0.432245,-0.864391,0.210134,0.456807,-0.754237,-0.635814,0.163908,-0.005133,-0.925039,-0.379837,-0.063886,-0.382348,-0.921807,-0.063898,0.3823,-0.921826,-0.005155,0.925012,-0.379902,0.07711,0.919993,0.384274,0.133814,0.378332,0.915947,0.133817,-0.37827,0.915972,0.07712,-0.919962,0.384347,-0.214987,-0.902252,0.373794,-0.380915,-0.354186,0.854082,-0.380915,0.354186,0.854082,-0.214987,0.902252,0.373794,0.048926,0.924429,-0.378203,0.23486,0.373952,-0.897218,0.23486,-0.373952,-0.897218,0.048926,-0.924429,-0.378203]
}
