{
    "name":"Cylinder.008Geometry.1",
    "uvs":[],
    "faces":[35,0,1,3,2,0,0,0,0,0,35,2,3,5,4,0,1,1,1,1,35,4,5,7,6,0,2,2,2,2,35,6,7,9,8,0,3,3,3,3,34,5,3,1,0,4,4,4,34,1,11,9,0,4,4,4,34,9,7,5,0,4,4,4,34,1,9,5,0,5,5,5,35,8,9,11,10,0,6,6,6,6,35,1,0,10,11,0,7,7,7,7,34,10,0,2,0,8,8,8,34,2,4,6,0,9,9,9,34,6,8,10,0,9,9,9,34,2,6,10,0,9,9,9,34,12,13,14,1,10,10,10,34,13,12,17,1,11,11,11,34,12,14,15,1,12,12,12,34,12,15,16,1,13,13,13,34,12,16,17,1,14,14,14,34,13,17,22,1,15,15,15,34,14,13,18,1,16,16,16,34,15,14,19,1,17,17,17,34,16,15,20,1,18,18,18,34,17,16,21,1,19,19,19,34,13,22,18,1,20,20,20,34,14,18,19,1,21,21,21,34,15,19,20,1,22,22,22,34,16,20,21,1,23,23,23,34,17,21,22,1,24,24,24,34,18,22,23,1,25,25,25,34,19,18,23,1,26,26,26,34,20,19,23,1,27,27,27,34,21,20,23,1,28,28,28,34,22,21,23,1,29,29,29],
    "vertices":[0,-1.54484,-0.053348,0,1.54484,-0.053348,0.046201,-1.54484,-0.026674,0.046201,1.54484,-0.026674,0.046201,-1.54484,0.026674,0.046201,1.54484,0.026674,-0,-1.54484,0.053348,-0,1.54484,0.053348,-0.046201,-1.54484,0.026674,-0.046201,1.54484,0.026674,-0.046201,-1.54484,-0.026674,-0.046201,1.54484,-0.026674,0,1.49166,-0,0.219007,1.65896,0.159116,-0.083652,1.65896,0.257457,-0.270709,1.65896,-0,-0.083652,1.65896,-0.257457,0.219007,1.65896,-0.159116,0.083652,1.92967,0.257457,-0.219007,1.92967,0.159116,-0.219007,1.92967,-0.159116,0.083652,1.92967,-0.257457,0.270709,1.92967,-0,0,2.09698,-0],
    "materials":[{
        "shading":"phong",
        "wireframe":false,
        "visible":true,
        "depthWrite":true,
        "specularCoef":50,
        "colorDiffuse":[0.64,0.64,0.64],
        "blending":"NormalBlending",
        "opacity":1,
        "colorSpecular":[0.5,0.5,0.5],
        "DbgName":"MalletRod",
        "depthTest":true,
        "DbgIndex":0,
        "DbgColor":15658734,
        "transparent":false,
        "colorEmissive":[0,0,0]
    },{
        "shading":"phong",
        "wireframe":false,
        "visible":true,
        "depthWrite":true,
        "specularCoef":50,
        "colorDiffuse":[0.64,0.64,0.64],
        "blending":"NormalBlending",
        "opacity":1,
        "colorSpecular":[0.5,0.5,0.5],
        "DbgName":"MalletHead",
        "depthTest":true,
        "DbgIndex":1,
        "DbgColor":15597568,
        "transparent":false,
        "colorEmissive":[0,0,0]
    }],
    "metadata":{
        "uvs":0,
        "type":"Geometry",
        "normals":30,
        "generator":"io_three",
        "version":3,
        "faces":34,
        "vertices":24,
        "materials":2
    },
    "normals":[0.5,-0.866025,0,1,0,-0,0.5,0.866026,-0,-0.5,0.866025,-0,0,0,-1,0,0,-1,-1,0,-0,-0.5,-0.866025,0,-0,0,1,0,0,1,0.187597,0.577354,0.794651,0.607065,0,0.794653,-0.491122,0.356829,0.794652,-0.491122,-0.356829,0.794652,0.187597,-0.577354,0.794651,0.982246,0,0.187597,0.303536,0.934172,0.187589,-0.794649,0.577359,0.187587,-0.794649,-0.577359,0.187587,0.303536,-0.934172,0.187589,0.794649,0.577359,-0.187587,-0.303536,0.934171,-0.187589,-0.982246,0,-0.187597,-0.303536,-0.934172,-0.187589,0.794649,-0.577359,-0.187587,0.491122,0.356829,-0.794652,-0.187597,0.577354,-0.794651,-0.607065,0,-0.794653,-0.187597,-0.577354,-0.794651,0.491122,-0.356829,-0.794652]
}