{
    "normals":[0,-0,-1,1,-0,-0,0.354397,-0.935095,-0,-0.354397,-0.935095,-0,0,0,1,-0,0,1,-0,0,1,0,0,1,-0,0,1,-1,-0,0,-0.354397,0.935095,0,0,-0,-1,-0,-0,-1,0,-0,-1,0,-0,-1,0,-0,-1,0.354397,0.935095,0,0.354397,0.935095,0,1,0,0,-0,0,1],
    "materials":[{
        "blending":"NormalBlending",
        "DbgIndex":0,
        "opacity":1,
        "visible":true,
        "colorEmissive":[0,0,0],
        "wireframe":false,
        "colorSpecular":[0.5,0.5,0.5],
        "DbgColor":15658734,
        "depthWrite":true,
        "DbgName":"NoteMaterial",
        "colorDiffuse":[0.64,0.64,0.64],
        "transparent":false,
        "shading":"phong",
        "depthTest":true,
        "specularCoef":50
    }],
    "uvs":[],
    "metadata":{
        "normals":20,
        "type":"Geometry",
        "version":3,
        "vertices":18,
        "generator":"io_three",
        "materials":1,
        "uvs":0,
        "faces":21
    },
    "vertices":[-0.139448,-0.168062,-0.204805,-0.139448,-0.168062,0.204805,0.409139,-0.375974,-0.204805,0.409139,-0.375974,0.204805,0.409139,-0.791798,-0.204805,0.409139,-0.791798,0.204805,-0.139448,-0.99971,-0.204805,-0.139448,-0.99971,0.204805,-0.688036,-0.791798,-0.204805,-0.688036,-0.791798,0.204805,-0.688036,-0.375974,-0.204805,-0.688036,-0.375974,0.204805,0.213776,-0.301932,-0.204805,0.213776,-0.301932,0.204805,0.213776,1.93965,-0.204805,0.409139,1.8656,-0.204805,0.409139,1.8656,0.204805,0.213776,1.93965,0.204805],
    "faces":[35,2,12,14,15,0,0,0,0,0,35,2,3,5,4,0,1,1,1,1,35,4,5,7,6,0,2,2,2,2,35,6,7,9,8,0,3,3,3,3,34,5,3,13,0,4,4,4,34,13,1,11,0,5,5,5,34,11,9,7,0,6,6,6,34,7,5,13,0,7,7,7,34,13,11,7,0,8,8,8,35,8,9,11,10,0,9,9,9,9,35,1,0,10,11,0,10,10,10,10,34,10,0,12,0,11,11,11,34,12,2,4,0,12,12,12,34,4,6,8,0,13,13,13,34,8,10,12,0,14,14,14,34,12,4,8,0,15,15,15,35,0,1,13,12,0,16,16,16,16,35,14,17,16,15,0,17,17,17,17,35,12,13,17,14,0,9,9,9,9,35,3,2,15,16,0,18,18,18,18,35,13,3,16,17,0,19,19,19,19]
}