{
    "uvs":[],
    "normals":[-0.598048,-0.202754,0.775389,0.485888,-0.697948,0.526101,0.776224,0.132367,0.616406,-0.405758,0.780999,0.474764,0.425133,-0.096051,0.90002,-0.134448,-0.192512,-0.972041,-0.134448,0.192512,-0.972041,0.027175,0.148797,-0.988494,0.041776,-0.157251,-0.986675,0.425133,0.096051,0.90002,-0.250846,0.04849,0.966812,-0.250846,-0.04849,0.966812,0.01304,0.945202,0.326226,0.195867,0.943615,-0.266884,-0.305266,0.945273,0.1152,0.776224,-0.132367,0.616406,0.96368,-0.172975,-0.203472,0.968032,0.159548,-0.193541,-0.405758,-0.780999,0.474764,-0.305265,-0.945273,0.1152,0.307556,-0.858889,-0.409535,-0.598048,0.202754,0.775389,-0.850799,0.345316,0.396104,-0.850799,-0.345316,0.396104,0.245061,-0.9144,-0.322208,0.319633,0.891437,-0.321208,0.485888,0.697948,0.526101,0,0,1,0.120194,0.820102,-0.559452,0.839764,0.293701,-0.456657,-0,0,1,0.01304,-0.945202,0.326226,-0.047655,-0.227276,-0.972664,-0.050351,0.187898,-0.980897,-0.710796,-0.412799,-0.569531,0.813167,-0.351947,-0.463565,-0.740952,0.363373,-0.564757,0.121799,-0.831054,-0.542691,0.135479,-0.924395,-0.356566,-0.887642,0.366883,-0.278367,0.279417,0.130618,0.951244,-0.865491,-0.413195,-0.283189,0.232697,-0.14551,-0.961602,0.135479,0.924395,-0.356566,0.258401,-0.061794,0.964059,0.25643,0.050299,0.965253,0.510974,0.825534,0.239581,0.274983,-0.159838,0.94807,0.443462,-0.872866,-0.203582,0.236822,0.118971,-0.964241,0.428703,-0.846824,0.314805,0.535534,0.839936,-0.087813,0.269085,0.036279,-0.962433,0.270603,-0.044479,-0.961663,0.142464,0.914361,0.37901,-0.774737,-0.207233,0.597359,-0.781714,0.18103,0.596784,0.142464,-0.914361,0.37901],
    "metadata":{
        "uvs":0,
        "normals":58,
        "version":3,
        "vertices":60,
        "materials":2,
        "type":"Geometry",
        "generator":"io_three",
        "faces":58
    },
    "name":"Cube.009Geometry",
    "vertices":[-1.06958,-0.382831,0.214409,-2.06954,0.947321,0.582331,-1.06958,-0.382831,-0.218586,-2.06954,0.947321,-0.586509,1.16172,-0.382831,0.499618,1.48238,1.21603,0.623358,1.16172,-0.382831,-0.503796,1.48238,1.21603,-0.51788,-1.99253,0.272414,0.393723,-2.46739,0.947321,-0.002089,-1.99253,0.272414,-0.397901,-1.27717,-0.382831,-0.002089,0,1.06367,-1.1378,1.77281,0.278968,-0.717725,0,-0.6712,-0.859476,1.70341,1.21603,-0.002089,1.77281,0.278968,0.713547,1.36931,-0.382831,-0.002089,0,1.06367,1.13362,0,-0.6712,0.855299,0,1.34931,-0.002089,0,-0.6712,-0.002089,0,0.272414,1.16842,1.77281,0.278968,-0.002089,0,0.272414,-1.17259,-1.99253,0.272414,-0.002089,0.728706,1.21603,-0.644797,0.569725,-0.6712,0.834878,0.569725,-0.6712,-0.839056,0.728706,1.21603,0.750275,0.676599,1.21603,-0.002089,0.664586,-0.6712,-0.002089,0.910508,0.272414,1.16842,0.910508,0.272414,-1.17259,0.894899,2.19388,-0.378888,1.42406,2.19388,-0.301335,1.54201,2.31615,0.008697,1.42406,2.19388,0.396027,0.894899,2.19388,0.47358,0.67418,2.22959,0.008697,1.76445,1.82398,-0.002089,1.59468,1.82398,0.623358,0.728706,1.82398,0.750275,0.379684,1.82398,-0.002089,0.728706,1.82398,-0.644797,1.59468,1.82398,-0.51788,2.39419,1.39599,-0.016618,2.28545,1.43195,0.325316,2.28545,1.43195,-0.281495,2.28545,1.65562,0.325316,2.45522,1.69159,-0.016618,2.28545,1.65562,-0.281495,1.67474,1.52,0.728876,0.648639,1.52,0.879262,0.648639,1.52,-0.773784,0.322409,1.52,-0.002089,1.67474,1.52,-0.623398,1.7923,1.54379,0.526648,1.93156,1.54379,-0.016618,1.7923,1.54379,-0.482827],
    "faces":[35,25,10,2,11,0,0,0,0,0,35,33,13,6,28,0,1,1,1,1,35,23,16,4,17,0,2,2,2,2,35,0,19,22,8,0,3,3,3,3,35,31,28,6,17,0,4,4,4,4,35,20,12,3,9,0,5,5,5,5,35,18,20,9,1,0,6,6,6,6,35,29,30,20,18,0,7,7,7,7,35,30,26,12,20,0,8,8,8,8,35,27,31,17,4,0,9,9,9,9,35,0,11,21,19,0,10,10,10,10,35,11,2,14,21,0,11,11,11,11,35,32,22,19,27,0,12,12,12,12,35,29,18,22,32,0,13,13,13,13,35,18,1,8,22,0,14,14,14,14,35,13,23,17,6,0,15,15,15,15,35,7,15,23,13,0,16,16,16,16,35,15,5,16,23,0,17,17,17,17,35,10,24,14,2,0,18,18,18,18,35,3,12,24,10,0,19,19,19,19,35,26,7,13,33,0,20,20,20,20,35,11,0,8,25,0,21,21,21,21,35,1,9,25,8,0,22,22,22,22,35,9,3,10,25,0,23,23,23,23,35,12,26,33,24,0,24,24,24,24,35,5,29,32,16,0,25,25,25,25,35,16,32,27,4,0,26,26,26,26,35,19,21,31,27,0,27,27,27,27,35,42,41,37,38,0,28,28,28,28,35,41,40,36,37,0,29,29,29,29,35,21,14,28,31,0,30,30,30,30,35,24,33,28,14,0,31,31,31,31,35,36,35,34,39,0,32,32,32,32,35,37,36,39,38,0,33,33,33,33,35,44,43,39,34,0,34,34,34,34,35,40,45,35,36,0,35,35,35,35,35,43,42,38,39,0,36,36,36,36,35,45,44,34,35,0,37,37,37,37,35,56,54,44,45,0,38,38,38,38,35,55,53,42,43,0,39,39,39,39,35,5,15,46,47,1,40,40,40,40,35,54,55,43,44,0,41,41,41,41,35,45,40,50,51,1,42,42,42,42,35,53,52,41,42,0,43,43,43,43,35,58,59,51,50,1,44,44,44,44,35,57,58,50,49,1,45,45,45,45,35,52,5,47,57,1,46,46,46,46,35,15,7,48,46,1,47,47,47,47,35,56,45,51,59,1,48,48,48,48,35,40,41,49,50,1,49,49,49,49,35,7,56,59,48,1,50,50,50,50,35,41,52,57,49,1,51,51,51,51,35,47,46,58,57,1,52,52,52,52,35,46,48,59,58,1,53,53,53,53,35,29,5,52,53,0,54,54,54,54,35,26,30,55,54,0,55,55,55,55,35,30,29,53,55,0,56,56,56,56,35,7,26,54,56,0,57,57,57,57],
    "materials":[{
        "colorSpecular":[0.5,0.5,0.5],
        "DbgName":"Duck_Yellow",
        "blending":"NormalBlending",
        "wireframe":false,
        "depthWrite":true,
        "specularCoef":50,
        "transparent":false,
        "shading":"phong",
        "colorEmissive":[0,0,0],
        "DbgIndex":0,
        "DbgColor":15658734,
        "colorDiffuse":[0.64,0.64,0.64],
        "depthTest":true,
        "visible":true,
        "opacity":1
    },{
        "colorSpecular":[0.5,0.5,0.5],
        "DbgName":"Duck_Orange",
        "blending":"NormalBlending",
        "wireframe":false,
        "depthWrite":true,
        "specularCoef":50,
        "transparent":false,
        "shading":"phong",
        "colorEmissive":[0,0,0],
        "DbgIndex":1,
        "DbgColor":15597568,
        "colorDiffuse":[0.64,0.64,0.64],
        "depthTest":true,
        "visible":true,
        "opacity":1
    }]
}