{
    "normals":[-0.499992,0.005738,-0.866011,0.999984,0.005738,0,0.499992,0.005738,0.866011,-0.499992,0.005738,0.866011,0,1,0,0,1,0,-0.999984,0.005738,0,0.499992,0.005738,-0.866011,-0,-1,0,0,-1,0,-0.406857,0.581265,-0.704697,0.5,-0,-0.866025,-0.813714,0.581265,0,-0.406857,0.581265,0.704697,0.406857,0.581266,0.704697,0.813714,0.581266,0,-0.418851,-0.546127,-0.725471,-0.837702,-0.546127,0,-0.418851,-0.546127,0.725472,0.418851,-0.546127,0.725472,0.837702,-0.546127,0,0.418851,-0.546127,-0.725472,0.406857,0.581265,-0.704697,1,0,0,0.5,0,0.866026,-0.5,0,0.866025,-1,0,0,-0.5,-0,-0.866025,0.499992,0.005738,-0.866011,-0.999984,0.005738,0,-0.499992,0.005738,0.866011,0.499992,0.005738,0.866011,0.999983,0.005738,0,-0.499992,0.005738,-0.866011],
    "materials":[{
        "blending":"NormalBlending",
        "DbgIndex":0,
        "opacity":1,
        "visible":true,
        "colorEmissive":[0,0,0],
        "wireframe":false,
        "colorSpecular":[0.5,0.5,0.5],
        "DbgColor":15658734,
        "depthWrite":true,
        "DbgName":"DrumStickColor",
        "colorDiffuse":[0.64,0.64,0.64],
        "transparent":false,
        "shading":"phong",
        "depthTest":true,
        "specularCoef":50
    }],
    "uvs":[],
    "metadata":{
        "normals":34,
        "type":"Geometry",
        "version":3,
        "vertices":36,
        "generator":"io_three",
        "materials":1,
        "uvs":0,
        "faces":38
    },
    "vertices":[0,-2.68308,-0.094722,0,2.19022,-0.061624,0.082032,-2.68308,-0.047361,0.053368,2.19022,-0.030812,0.082032,-2.68308,0.047361,0.053368,2.19022,0.030812,-0,-2.68308,0.094722,0,2.19022,0.061624,-0.082032,-2.68308,0.047361,-0.053368,2.19022,0.030812,-0.082032,-2.68308,-0.047361,-0.053368,2.19022,-0.030812,-0.082032,2.15009,0.047361,-0,2.15009,0.094722,0.082032,2.15009,0.047361,-0.082032,2.15009,-0.047361,0.082032,2.15009,-0.047361,0,2.15009,-0.094722,0,2.02397,-0.094722,0,1.98291,-0.063809,0.05526,1.98291,-0.031904,0.082032,2.02397,-0.047361,0.05526,1.98291,0.031904,0.082032,2.02397,0.047361,0,1.98291,0.063809,-0,2.02397,0.094722,-0.05526,1.98291,0.031904,-0.082032,2.02397,0.047361,-0.05526,1.98291,-0.031904,-0.082032,2.02397,-0.047361,-0.066637,-0,-0.038473,0,-0,-0.076946,0.066637,-0,-0.038473,0.066637,0,0.038473,0,0,0.076946,-0.066637,0,0.038473],
    "faces":[35,30,28,19,31,0,0,0,0,0,35,32,20,22,33,0,1,1,1,1,35,33,22,24,34,0,2,2,2,2,35,34,24,26,35,0,3,3,3,3,34,5,3,1,0,4,4,4,34,1,11,9,0,4,4,4,34,9,7,5,0,5,5,5,34,1,9,5,0,4,4,4,35,35,26,28,30,0,6,6,6,6,35,31,19,20,32,0,7,7,7,7,34,10,0,2,0,8,8,8,34,2,4,6,0,9,9,9,34,6,8,10,0,9,9,9,34,2,6,10,0,9,9,9,35,15,11,1,17,0,10,10,10,10,35,18,17,16,21,0,11,11,11,11,35,12,9,11,15,0,12,12,12,12,35,13,7,9,12,0,13,13,13,13,35,14,5,7,13,0,14,14,14,14,35,16,3,5,14,0,15,15,15,15,35,29,18,19,28,0,16,16,16,16,35,27,29,28,26,0,17,17,17,17,35,25,27,26,24,0,18,18,18,18,35,23,25,24,22,0,19,19,19,19,35,21,23,22,20,0,20,20,20,20,35,18,21,20,19,0,21,21,21,21,35,17,1,3,16,0,22,22,22,22,35,21,16,14,23,0,23,23,23,23,35,23,14,13,25,0,24,24,24,24,35,25,13,12,27,0,25,25,25,25,35,27,12,15,29,0,26,26,26,26,35,29,15,17,18,0,27,27,27,27,35,0,31,32,2,0,28,28,28,28,35,8,35,30,10,0,29,29,29,29,35,6,34,35,8,0,30,30,30,30,35,4,33,34,6,0,31,31,31,31,35,2,32,33,4,0,32,32,32,32,35,31,0,10,30,0,33,33,33,33]
}