{
    "normals":[-0.08785,-0.992252,-0.08785,0.08785,-0.992252,-0.08785,-0.032155,-0.992252,0.120006,0.08785,-0.992252,0.08785,-0.120006,-0.992252,-0.032155,0.032155,-0.992252,-0.120006,0.120006,-0.992252,0.032155,-0.120006,-0.992252,0.032155,-0.032155,-0.992252,-0.120006,0.120006,-0.992252,-0.032155,-0.08785,-0.992252,0.08785,0.032155,-0.992252,0.120006,0.249469,-0.966073,0.066845,0.056607,-0.975789,-0.21126,-0.24947,-0.966073,0.066845,-0.066845,-0.966073,-0.24947,0.249469,-0.966073,-0.066845,-0.182624,-0.966073,0.182624,0.066845,-0.966073,0.24947,-0.182624,-0.966073,-0.182624,0.182624,-0.966073,-0.182624,-0.066845,-0.966073,0.24947,0.182624,-0.966073,0.182624,-0.249469,-0.966073,-0.066845,0.066845,-0.966073,-0.249469,0,-1,0,0,-1,0,0,-1,-0,-0,-1,0,0.21126,-0.975789,0.056607,-0.21126,-0.975789,0.056607,-0.056607,-0.975789,-0.21126,0.21126,-0.975789,-0.056607,-0.154653,-0.975789,0.154653,0.056607,-0.975789,0.21126,-0.154653,-0.975789,-0.154653,0.154653,-0.975789,-0.154653,-0.056607,-0.975789,0.21126,0.154653,-0.975789,0.154653,-0.21126,-0.975789,-0.056607,0.087861,0.99225,0.087861,-0.087861,0.99225,0.087861,0.032159,0.99225,-0.120021,-0.087861,0.99225,-0.087861,0.120021,0.99225,0.032159,-0.032159,0.99225,0.120021,-0.120021,0.99225,-0.032159,0.120021,0.99225,-0.032159,0.032159,0.99225,0.120021,-0.120021,0.99225,0.032159,0.087861,0.99225,-0.087861,-0.032159,0.99225,-0.120021,-0.249495,0.966066,-0.066852,-0.05661,0.975787,0.211269,0.249495,0.966066,-0.066852,0.066852,0.966066,0.249495,-0.249495,0.966066,0.066852,0.182643,0.966066,-0.182643,-0.066852,0.966066,-0.249495,0.182643,0.966066,0.182643,-0.182643,0.966066,0.182643,0.066852,0.966066,-0.249495,-0.182643,0.966066,-0.182643,0.249495,0.966066,0.066852,-0.066852,0.966066,0.249495,0,1,0,0,1,0,0,1,-0,0,1,-0,-0.211269,0.975787,-0.05661,0.211269,0.975787,-0.05661,0.05661,0.975787,0.211269,-0.211269,0.975787,0.05661,0.15466,0.975787,-0.15466,-0.05661,0.975787,-0.211269,0.15466,0.975787,0.15466,-0.15466,0.975787,0.15466,0.05661,0.975787,-0.211269,-0.15466,0.975787,-0.15466,0.211269,0.975787,0.05661,-0.257071,-0.116028,-0.959402,-0.702331,-0.11603,-0.702331,-0.959402,-0.116028,-0.257071,-0.959402,-0.116029,0.257071,-0.702331,-0.11603,0.702331,-0.257071,-0.116023,0.959402,0.257071,-0.116029,0.959402,0.70233,-0.116034,0.702331,0.959402,-0.116025,0.257071,0.959402,-0.116025,-0.257071,0.702332,-0.116026,-0.702331,0.257071,-0.116023,-0.959402],
    "materials":[{
        "blending":"NormalBlending",
        "DbgIndex":0,
        "opacity":1,
        "visible":true,
        "colorEmissive":[0,0,0],
        "wireframe":false,
        "colorSpecular":[0.5,0.5,0.5],
        "DbgColor":15658734,
        "depthWrite":true,
        "DbgName":"CymbalColor",
        "colorDiffuse":[0.64,0.64,0.64],
        "transparent":false,
        "shading":"phong",
        "depthTest":true,
        "specularCoef":50
    }],
    "uvs":[],
    "metadata":{
        "normals":92,
        "type":"Geometry",
        "version":3,
        "vertices":96,
        "generator":"io_three",
        "materials":1,
        "uvs":0,
        "faces":104
    },
    "vertices":[-0,-0.424096,-4.45808,-2.22904,-0.424096,-3.86081,-3.86081,-0.424096,-2.22904,-4.45808,-0.424096,-0,-3.86081,-0.424095,2.22904,-2.22904,-0.424095,3.86081,-1e-06,-0.424095,4.45808,2.22904,-0.424095,3.86081,3.86081,-0.424095,2.22904,4.45808,-0.424096,1e-06,3.86081,-0.424096,-2.22904,2.22904,-0.424096,-3.86081,-0,-0.060698,-1.45337,-0.726685,-0.060698,-1.25866,-1.25866,-0.060698,-0.726685,-1.45337,-0.060698,-0,-1.25866,-0.060698,0.726684,-0.726685,-0.060698,1.25865,-0,-0.060698,1.45337,0.726684,-0.060698,1.25865,1.25865,-0.060698,0.726685,1.45337,-0.060698,0,1.25866,-0.060698,-0.726684,0.726685,-0.060698,-1.25865,-0,0.178652,-0.526484,-0.263242,0.178652,-0.455949,-0.455949,0.178652,-0.263242,-0.526484,0.178652,-0,-0.455949,0.178652,0.263242,-0.263242,0.178652,0.455949,-0,0.178652,0.526484,0.263242,0.178652,0.455949,0.455949,0.178652,0.263242,0.526484,0.178652,0,0.455949,0.178652,-0.263242,0.263242,0.178652,-0.455949,-0,0.256791,-0.165566,-0.082783,0.256791,-0.143384,-0.143384,0.256791,-0.082783,-0.165566,0.256791,-0,-0.143384,0.256791,0.082783,-0.082783,0.256791,0.143384,-0,0.256791,0.165566,0.082783,0.256791,0.143384,0.143384,0.256791,0.082783,0.165566,0.256791,0,0.143384,0.256791,-0.082783,0.082783,0.256791,-0.143384,-0,-0.399298,-4.46108,-2.23054,-0.399298,-3.86341,-3.86341,-0.399298,-2.23054,-4.46108,-0.399298,-0,-3.8634,-0.399298,2.23054,-2.23054,-0.399298,3.8634,-1e-06,-0.399298,4.46107,2.23054,-0.399298,3.8634,3.8634,-0.399298,2.23054,4.46108,-0.399298,1e-06,3.86341,-0.399298,-2.23054,2.23054,-0.399298,-3.8634,-0,-0.036022,-1.45775,-0.728875,-0.036022,-1.26245,-1.26245,-0.036022,-0.728875,-1.45775,-0.036022,-0,-1.26245,-0.036022,0.728874,-0.728875,-0.036021,1.26245,-0,-0.036021,1.45775,0.728874,-0.036021,1.26245,1.26245,-0.036022,0.728875,1.45775,-0.036022,0,1.26245,-0.036022,-0.728874,0.728875,-0.036022,-1.26245,-0,0.202974,-0.532337,-0.266169,0.202974,-0.461018,-0.461018,0.202974,-0.266169,-0.532337,0.202974,-0,-0.461018,0.202974,0.266169,-0.266169,0.202974,0.461018,-0,0.202974,0.532337,0.266169,0.202974,0.461018,0.461018,0.202974,0.266169,0.532337,0.202974,0,0.461018,0.202974,-0.266169,0.266169,0.202974,-0.461018,-0,0.281711,-0.168676,-0.084338,0.281711,-0.146078,-0.146078,0.281711,-0.084338,-0.168676,0.281711,-0,-0.146078,0.281711,0.084338,-0.084338,0.281711,0.146078,-0,0.281711,0.168676,0.084338,0.281711,0.146078,0.146078,0.281711,0.084338,0.168676,0.281711,0,0.146078,0.281711,-0.084338,0.084338,0.281711,-0.146078],