{"data": [0.28566820771960005, 0.14579077518546393, 0.22158907644339318, 0.783571658961402, 0.9088270078486185, 1.0, 0.8325986453069563, 0.3305020965487582, 0.06117621761100957, 0.036232663154499516, 0.0909579615095151, 0.1447156219761316, 0.006880980539726911, 0.0022578217395978926, 0.0010751532093323298, 0.0008601225674658639, 0.00032254596279969894, 0.00032254596279969894, 0.0], "frameSizeSec": 0.1}