{"data": [0.23912819985607073, 0.2495116685514547, 1.0, 0.7453480004112265, 0.08460984887426751, 0.02220623008121723, 0.011308728282101367, 0.004831911175079675, 0.003084198622391282, 0.0018505191734347693, 0.0009252595867173846], "frameSizeSec": 0.1}