{"data": [0.0, 0.4390959071472205, 0.573243738546121, 0.9659132559560171, 1.0, 0.4687843616371411, 0.06621869273060477, 0.016860109957238852, 0.010995723885155772, 0.004764813683567502, 0.0031765424557116677, 0.0014660965180207698, 0.000855222968845449, 0.0004886988393402566], "frameSizeSec": 0.1}