{"data": [0.00014940983116689077, 0.33273569400866576, 0.9188704616763783, 1.0, 0.4111758553712834, 0.1975197968026296, 0.023606753324368745, 0.007321081727177648, 0.0046317047661736145, 0.0023905572986702523, 0.001344688480502017, 0.0007470491558344539, 0.00029881966233378154, 0.00014940983116689077], "frameSizeSec": 0.1}