{"data": [0.00023818030248898416, 0.5222103132070978, 1.0, 0.35619864237227583, 0.3837084673097535, 0.293080862212695, 0.06299869000833631, 0.47481243301178994, 0.2525902107895677, 0.20090508514945815, 0.41872097177563417, 0.3548886507085864, 0.6808383946647613, 0.39919018697153746, 0.044420626414195544, 0.01369536739311659, 0.00964630225080386, 0.004525425747290699, 0.0016672621174228892, 0.0009527212099559367, 0.10539478385137549, 0.1456472549720138, 0.2567583660831249, 0.32237703941884005, 0.12540192926045016, 0.3398832916517804, 0.18137430034536145, 0.7384780278670954, 0.45528164820769323, 0.2274621888769799, 0.025485292366321306, 0.010956293914493272, 0.0057163272597356195, 0.1307609860664523, 0.2361557699178278, 0.6373704894605217, 0.5441229010360843, 0.20483506014052638, 0.2634274145528165, 0.2497320471596999, 0.35083958556627365, 0.05930689531975706, 0.4249136596403477, 0.14540907466952482, 0.4839823746576158, 0.39454567107300226, 0.26985828272001905, 0.2196022388948434, 0.4549243777539598, 0.34631415981898295, 0.41407645587709896, 0.2770036917946886, 0.21305228057639633, 0.6085506728593545, 0.6630939621293319, 0.37680123853757297, 0.08098130284625461, 0.01369536739311659, 0.0069072287721805405, 0.005239966654757651, 0.0017863522686673813, 0.0009527212099559367, 0.00047636060497796833, 0.0003572704537334762, 0.00023818030248898416, 0.00023818030248898416], "frameSizeSec": 0.1}