{"data": [0.00030501753850846426, 0.026231508311727925, 0.22998322403538204, 0.4543236236083575, 0.19444868079914596, 0.028519139850541407, 0.004880280616135428, 0.10934878755528443, 1.0, 0.3468049412841238, 0.3379594326673784, 0.3800518529815464, 0.7472929693457374, 0.2642976971175843, 0.8676223882873265, 0.3654110111331402, 0.8589293884398352, 0.38523715113619034, 0.14457831325301204, 0.03888973615982919, 0.009608052463016624, 0.0027451578465761783, 0.1505261552539271, 0.6667683391795028, 0.8551166692084795, 0.6519749885618423, 0.5252402013115754, 0.5684001830105231, 0.29510446850693917, 0.47079457068781455, 0.2760408723501601, 0.9945096843068476, 0.06130852524020131, 0.02241878908037212, 0.010370596309287784, 0.005642824462406588, 0.001220070154033857, 0.0013725789232880892], "frameSizeSec": 0.1}