{"data": [0.03733221476510067, 1.0, 0.5392197986577181, 0.6645343959731543, 0.10266359060402684, 0.838611577181208, 0.699140100671141, 0.05232802013422819, 0.014890939597315436, 0.010486577181208054, 0.004089765100671141, 0.18015939597315436, 0.24465184563758388, 0.4417994966442953, 0.5822147651006712, 0.20616610738255034, 0.4317323825503356, 0.5317743288590604, 0.13160654362416108, 0.19337248322147652, 0.1454488255033557, 0.47294463087248323, 0.06113674496644295, 0.04718959731543624, 0.007235738255033557, 0.04100251677852349, 0.5159395973154363, 0.7372063758389261, 0.12908976510067113, 0.40583053691275167, 0.5788590604026845, 0.4763003355704698, 0.07581795302013423, 0.6777474832214765, 0.35979446308724833, 0.1514261744966443, 0.014576342281879194, 0.009333053691275168, 0.0035654362416107383, 0.0019924496644295304, 0.0007340604026845638, 0.00041946308724832214, 0.0003145973154362416, 0.0003145973154362416], "frameSizeSec": 0.1}