{"data": [0.0007862518252274514, 0.5362237448051219, 0.48859934853420195, 0.09423789733797597, 0.37077389643940245, 0.23654947770414467, 0.24564753453891947, 0.8091654498483657, 0.4305290351566888, 0.5382455352128496, 0.24115466696619117, 0.6568572391328765, 0.44322138604964617, 0.3625744131191733, 0.21936425923845895, 0.537346961698304, 0.3484218802650792, 0.26159721442210493, 0.046725822756374255, 0.23946984162641807, 1.0, 0.48242165562170053, 0.4524317645737392, 0.6699988767831068, 0.09086824665842974, 0.5304953386498933, 0.5814893856003595, 0.20554869145231944, 0.02549702347523307, 0.010895203863866113, 0.006626979669774233, 0.002695720543636976, 0.001347860271818488, 0.000673930135909244, 0.00044928675727282937, 0.00044928675727282937, 0.000336965067954622, 0.000336965067954622, 0.000336965067954622], "frameSizeSec": 0.1}