{"data": [0.0003514115028698606, 0.06758814571863653, 0.5077896216469486, 0.2810120651282652, 0.8041466557338643, 0.9136699074616376, 0.3363008082464566, 0.8671664519151927, 0.8266369919175355, 0.3363008082464566, 0.2635586271523955, 0.10893756588965679, 0.7261333020967553, 0.11713716762328687, 0.1666861895279372, 0.6866580766077076, 1.0, 0.44816680332669556, 0.29905118894225136, 0.28066065362539533, 0.07918472531334192, 0.023310296357034088, 0.004685486704931475, 0.001991331849595877, 0.000937097340986295, 0.0005856858381164344, 0.0003514115028698606, 0.0003514115028698606, 0.0003514115028698606, 0.0003514115028698606, 0.0003514115028698606, 0.0003514115028698606, 0.0003514115028698606, 0.0003514115028698606], "frameSizeSec": 0.1}