{"data": [0.00035236081747709656, 0.14517265680056377, 0.5090439276485789, 0.39452666196852243, 0.08127789523138361, 0.0200845665961945, 0.0066948555320648345, 0.0072821235611933285, 0.8181818181818182, 0.7167019027484144, 0.5250176180408739, 0.6992013154803852, 0.9680526192154099, 0.44726333098426124, 0.7567535823349777, 0.6947380784590087, 0.5739957716701902, 0.33227625088090207, 0.2942212825933756, 1.0, 0.6229739252995067, 0.4603006812309138, 0.0506225041108762, 0.019614752172891707, 0.0072821235611933285, 0.00610758750293634, 0.0017618040873854828, 0.0011745360582569885, 0.0004698144233027954], "frameSizeSec": 0.1}