{"data": [0.0003189792663476874, 0.2970760233918129, 0.9906432748538012, 0.13322700691121744, 0.36427432216905903, 0.0607123870281765, 1.0, 0.22402977139819244, 0.39255715045188727, 0.5338649654439128, 0.37884104199893676, 0.49409888357256776, 0.610207336523126, 0.31493886230728335, 0.25103668261563, 0.9449229133439659, 0.6985645933014354, 0.591812865497076, 0.06007442849548113, 0.0607123870281765, 0.8138224348750664, 0.745986177565125, 0.1567251461988304, 0.3158958001063264, 0.17586390217969167, 0.03264221158958001, 0.00531632110579479, 0.0029771398192450825, 0.0013822434875066453, 0.0007442849548112706, 0.0003189792663476874, 0.0003189792663476874, 0.0003189792663476874, 0.0003189792663476874, 0.0003189792663476874, 0.0003189792663476874], "frameSizeSec": 0.1}