{"data": [0.05380333951762523, 0.7042453344974353, 0.5592055003819709, 0.06842737094837935, 0.49863581796354906, 0.6874386118083597, 0.3668012659609298, 0.8024664411219034, 0.23529411764705882, 0.33984502892065915, 0.6118083597075193, 0.4890319764269344, 0.26639746807814035, 0.328058496125723, 0.46665939102913895, 1.0, 0.7528102149950889, 0.37334933973589435, 0.03896103896103896, 0.2018989413947397, 0.9214231147004256, 0.15213358070500926, 0.34541089162937905, 0.27480082942267814, 0.058059587471352175, 0.009603841536614645, 0.00414711339081087, 0.0017461530066572083, 0.0008730765033286041, 0.0005456728145803776, 0.00032740368874822657, 0.00032740368874822657, 0.00032740368874822657, 0.00032740368874822657, 0.00032740368874822657, 0.00032740368874822657], "frameSizeSec": 0.1}