{"data": [0.000281610813855252, 0.4564911292593636, 1.0, 0.35332770111705625, 0.04843705998310335, 0.016239556932319533, 0.005819956819675209, 0.5627522763540787, 0.5953252604900028, 0.14653149347601616, 0.13517319065052097, 0.8897024312400262, 0.21562001314183799, 0.2107387590350136, 0.38430489064113393, 0.4364028912043556, 0.644607152914672, 0.3099596357833474, 0.2273537970524735, 0.28489627335023, 0.7026189805688539, 0.6395381582652774, 0.5742044494508589, 0.15526142870552895, 0.04900028161081386, 0.7553740730310711, 0.6567164179104478, 0.12081103914390312, 0.4008260583873087, 0.4946024594011077, 0.5328076598141369, 0.47770581056979255, 0.2756031164930067, 0.7739603867455177, 0.38834131230639257, 0.2159954942269783, 0.018116962358021214, 0.009950248756218905, 0.005913827090960293, 0.002159016239556932, 0.001126443255421008, 0.000563221627710504, 0.00037548108514033607, 0.000281610813855252, 0.000281610813855252, 0.00037548108514033607, 0.000281610813855252], "frameSizeSec": 0.1}