{"data": [0.0028951318893416255, 0.12030881406819643, 0.5927514475659447, 0.2503752948745443, 0.5804203302594896, 0.370898563156766, 0.7768603903066695, 0.3564229037100579, 1.0, 0.739330902852241, 0.7701050825648724, 0.22699978554578598, 0.36017585245550077, 0.8330473943812996, 0.3757237829723354, 0.3267209950675531, 0.3470941453999571, 0.042461934377010506, 0.010508256487239975, 0.003752948745442848, 0.002144542140253056, 0.0008578168561012224, 0.000536135535063264, 0.0003216813210379584, 0.0003216813210379584, 0.0003216813210379584], "frameSizeSec": 0.1}