{"data": [0.001170807857421621, 0.9657863926109015, 0.5031871991674255, 0.0952257057369585, 0.5366202679849096, 0.4318980096266424, 0.6563028489657864, 0.6987121113568362, 0.6088200858592429, 0.07193963835046181, 0.02185508000520359, 0.09002211525952908, 1.0, 0.18407701313906596, 0.5245219201248862, 0.4821126577338363, 0.48133211916222196, 0.5973721868088981, 0.45544425653701054, 0.28684792506829715, 0.21035514505008457, 0.4705346689215559, 0.4139456224795109, 0.19071159099778848, 0.7710420189931052, 0.7550409782750097, 0.30662156888252895, 0.5982828151424483, 0.40080655652400154, 0.2385846233901392, 0.3541043319890725, 0.18225575647196565, 0.1251463509821777, 0.689996097307142, 0.6777676596851828, 0.2566671002992065, 0.026148042149082867, 0.010927540002601795, 0.005333680239365162, 0.002211525952907506, 0.001170807857421621, 0.0006504488096786782], "frameSizeSec": 0.1}