{"data": [0.04323601515489191, 0.7958546913305103, 0.45096946735012255, 0.06942277691107644, 0.016046356139959885, 0.00791174504123022, 0.0036772899487408067, 0.0017829284599955428, 0.07510586137731223, 0.6733897927345666, 0.5544907510586138, 0.07911745041230221, 0.034989971027412525, 0.5351014040561622, 0.6906619121907733, 0.24370403387564074, 1.0, 0.06284822821484289, 0.033318475596166706, 0.01337196344996657, 0.006574548696233563, 0.0022286605749944283, 0.0017829284599955428, 0.0008914642299977714], "frameSizeSec": 0.1}