{"data": [0.0, 0.0007864284911807662, 0.6298168745084822, 0.661723401864959, 0.33962476126277946, 0.06089203460285361, 1.0, 0.17975508369846085, 0.7011571733513089, 0.4365801595326368, 0.06808223795079205, 0.02572744635434221, 0.00741489720256151, 0.003707448601280755, 0.0020222446916076846, 0.0012358162004269184, 0.0005617346365576902, 0.0003370407819346141, 0.0, 0.0, 0.0], "frameSizeSec": 0.1}