{"data": [0.0, 0.7361572535991141, 0.5711517165005537, 0.13842746400885936, 0.2394795127353267, 0.9626245847176079, 0.8823366555924695, 1.0, 0.13095238095238096, 0.0347452934662237, 0.014258028792912514, 0.006090808416389812, 0.002353266888150609, 0.0022148394241417496, 0.0009689922480620155, 0.0006921373200442968, 0.0002768549280177187], "frameSizeSec": 0.1}