{"data": [0.0, 0.0, 0.09247270267658711, 0.415015943569427, 1.0, 0.763841917093439, 0.3198376654749251, 0.30031887138853997, 0.08686829645376365, 0.01565368634650691, 0.005701033916320417, 0.0031887138853995555, 0.0013527877089573872, 0.0009662769349695622, 0.0003865107739878249], "frameSizeSec": 0.1}