{"data": [0.0, 0.0003408703556414044, 0.3280309055789115, 0.552437223042836, 0.5773207590046585, 0.12918986478809227, 0.021474832405408477, 0.11782751960004545, 1.0, 0.6868537666174298, 0.3942733780252244, 0.18259288717191227, 0.03420065901602091, 0.009203499602317918, 0.003976820815816385, 0.0020452221338484265, 0.0012498579706851495, 0.0006817407112828088], "frameSizeSec": 0.1}