{"data": [0.0003667930064800098, 0.6422545543464971, 0.8829930309328768, 0.14060398581733707, 0.75265924929698, 1.0, 0.11113828096344297, 0.041080816725761096, 0.8629416799119697, 0.6799119696784448, 0.5917593837877491, 0.8936300281207972, 0.7807800464604475, 0.29257855483555445, 0.3183763296246485, 0.10196845580144272, 0.01185964054285365, 0.005135102090720137, 0.003667930064800098, 0.0014671720259200392, 0.0009781146839466927, 0.0004890573419733463], "frameSizeSec": 0.1}