{"data": [0.0038873994638069704, 0.8187667560321715, 0.8234584450402145, 0.2804289544235925, 0.8294906166219839, 0.567828418230563, 0.128686327077748, 0.7184986595174263, 0.8510723860589813, 0.1611260053619303, 0.9583109919571046, 0.2824396782841823, 0.35040214477211795, 0.21005361930294905, 1.0, 0.8268096514745308, 0.7402144772117962, 0.047453083109919574, 0.0193029490616622, 0.00871313672922252, 0.004691689008042895, 0.002680965147453083, 0.4002680965147453, 0.5451742627345845, 0.23163538873994638, 0.9424932975871314, 0.6990616621983914, 0.20160857908847185, 0.13579088471849865, 0.033378016085790885, 0.006970509383378016, 0.003619302949061662, 0.0018766756032171583, 0.0008042895442359249, 0.0005361930294906167, 0.00026809651474530834], "frameSizeSec": 0.1}