{"data": [0.0015049780041676314, 0.7302616346376476, 0.43123408196341745, 0.6510766381106737, 0.36304700162074555, 0.026279231303542486, 0.010882148645519797, 0.006367214633016902, 0.13162769159527668, 0.6377633711507293, 0.12109284556610327, 0.033572586246816395, 0.03438295901829127, 0.10546422783051633, 1.0, 0.2960175966658949, 0.6400787219263718, 0.4682796943736976, 0.8001852280620514, 0.26325538319055336, 0.06795554526510766, 0.012271359110905301, 0.0059041444778884, 0.0031257235471173882, 0.0017365130817318824, 0.0008103727714748784, 0.00046307015512850195], "frameSizeSec": 0.1}