{"data": [0.16982973647109859, 0.45287929725626286, 0.4469146513393341, 0.5660991215703286, 0.2834833532154864, 0.027762715540613818, 0.007808263745797636, 0.0056393015941871814, 0.002168962151610454, 0.0015182735061273181, 0.012688428586921157, 0.5254310812276326, 0.6282398872139681, 0.6520984708816832, 0.22210172432491054, 0.09955536275891985, 0.479665979828652, 0.3338032751328489, 0.2511658171564906, 1.0, 0.2628782127751871, 0.7341936883201388, 0.6505801973755558, 0.05465784622058345, 0.020605140440299315, 0.014423598308209521, 0.008567400498861295, 0.0033618913349962045], "frameSizeSec": 0.1}