{"data": [0.0003142019271051529, 0.10379136992040218, 0.5369710934227063, 0.6663175534143276, 1.0, 0.08986175115207373, 0.03341013824884793, 0.5513196480938416, 0.3884583158776707, 0.08514872224549644, 0.016652702136573105, 0.006074570590699623, 0.0027230833682446586, 0.001466275659824047], "frameSizeSec": 0.1}