{"data": [0.00011947431302270011, 0.2905615292712067, 0.8735961768219833, 0.2224611708482676, 0.6972520908004779, 0.6335722819593788, 0.8118279569892473, 0.15053763440860216, 0.9635603345280764, 0.6578255675029868, 0.06977299880525686, 0.36630824372759857, 0.6774193548387096, 0.4265232974910394, 0.06117084826762246, 0.22317801672640383, 0.8118279569892473, 1.0, 0.9474313022700119, 0.07706093189964158, 0.03058542413381123, 0.015173237753882915, 0.011469534050179211, 0.004062126642771804, 0.0027479091995221026], "frameSizeSec": 0.1}