{"data": [0.009060650887573964, 0.01793639053254438, 0.44767011834319526, 0.09439718934911243, 0.014607988165680473, 0.011556952662721894, 0.00933801775147929, 0.01007766272189349, 0.008783284023668639, 0.011556952662721894, 0.014977810650887574, 0.009060650887573964, 0.010447485207100591, 0.004900147928994083, 0.002403846153846154, 0.010262573964497042, 1.0, 0.34291789940828404, 0.07387204142011834, 0.45173816568047337, 0.8535502958579881, 0.4197485207100592, 0.05667529585798817, 0.013775887573964496, 0.006009615384615385, 0.0029585798816568047, 0.49195636094674555, 0.6472818047337278, 0.29779955621301774, 0.3588202662721893, 0.13886834319526628, 0.2921597633136095, 0.5239460059171598, 0.5661057692307693, 0.5293084319526628, 0.20229289940828402, 0.5776627218934911, 0.05297707100591716, 0.021449704142011833, 0.051867603550295856, 0.07581360946745562, 0.03374630177514793, 0.23271079881656806, 0.07091346153846154, 0.028291420118343194, 0.05122041420118343, 0.008690828402366863, 0.0040680473372781065, 0.009060650887573964, 0.007211538461538462, 0.12703402366863906, 0.10253328402366864, 0.02172707100591716, 0.00915310650887574, 0.25027736686390534, 0.15634245562130178, 0.01886094674556213, 0.006564349112426035, 0.0033284023668639054, 0.11963757396449703, 0.011556952662721894, 0.042899408284023666, 0.005454881656804734, 0.0020340236686390532, 0.0012943786982248522], "frameSizeSec": 0.1}