{"data": [7.108330963889678e-05, 0.00014216661927779356, 0.00014216661927779356, 0.022249075916974694, 0.2635769121410293, 0.25767699744100087, 0.12290304236565254, 0.053241398919533695, 0.01926357691214103, 0.012723912425362525, 0.2672732442422519, 0.12567529144156953, 0.014145578618140461, 0.006895081034972988, 0.007463747512084163, 0.0036252487915837362, 0.00817458060847313, 0.005473414842195053, 0.011231162922945691, 0.006326414557861814, 0.005615581461472846, 0.0072504975831674725, 0.005402331532556156, 0.019192493602502133, 0.823002558999147, 1.0, 0.4933892522035826, 0.04478248507250498, 0.017344327551890817, 0.007321580892806369, 0.003696332101222633, 0.03433323855558715, 0.571580892806369, 0.0995877168040944, 0.026727324424225193, 0.3593261302246233, 0.26464316178561276, 0.09162638612453795, 0.011088996303667898, 0.004833665055444982, 0.007463747512084163, 0.005899914700028434, 0.14628945123684958, 0.2674154108615297, 0.22931475689508105, 0.035683821438726185, 0.007392664202445266, 0.003340915553028149, 0.0022035825988058005, 0.0014216661927779358, 0.0006397497867500711, 0.0010662496445834517, 0.001634916121694626, 0.0009240830253056582, 0.0004975831674722775], "frameSizeSec": 0.1}