{"data": [0.00032035880185808104, 0.0004805382027871216, 0.6327086336697101, 0.4754124619573923, 1.0, 0.683645683165145, 0.8087457952907257, 0.5838539163863528, 0.5625500560627903, 0.8966842864007689, 0.21015537401890116, 0.04020502963318917, 0.011372737465961878, 0.32324203107480376, 0.4991190132948903, 0.5478135511773186, 0.4738106679481019, 0.17892039083773828, 0.3032196059586737, 0.14720486945378825, 0.5577446740349191, 0.16033958032996956, 0.5037642159218324, 0.8031395162582092, 0.7184046131667468, 0.2524427358641679, 0.2553259650808906, 0.5382027871215762, 0.3905173794650008, 0.23466282236104438, 0.5311548934806983, 0.34646804420951466, 0.21480057664584334, 0.806182924875861, 0.7377863206791606, 0.08825884991190133, 0.08425436488867531, 0.6101233381387153, 0.27662982540445297, 0.4750921031555342, 0.5084094185487746, 0.2889636392759891, 0.173954829408938, 0.025949062950504566, 0.13102674995995514, 0.25820919429761335, 0.44802178439852636, 0.6584975172192856, 0.20438891558545572, 0.08873938811468846, 0.014736504885471728, 0.02434726894121416, 0.06391158097068717, 0.05702386673073843, 0.0482139996796412, 0.04372897645362806, 0.04052538843504725, 0.03427839179881467, 0.031555341983020985, 0.25628704148646486, 0.2003844305622297, 0.9713278872337018, 0.1987826365529393, 0.4991190132948903, 0.26189332051898123, 0.8093865128944417, 0.4738106679481019, 0.6282236104436969, 0.33925997116770784, 0.43088258849911903, 0.31283037001441616, 0.40765657536440814, 0.8409418548774628, 0.4651609802979337, 0.2868813070639116, 0.013935607880826525, 0.006246996636232581, 0.0038443056222969728, 0.0019221528111484864, 0.0009610764055742432, 0.0004805382027871216, 0.00032035880185808104, 0.00032035880185808104, 0.00032035880185808104, 0.7743072240909818, 0.8210796091622617, 0.7896844465801698, 0.6376741950985103, 0.2534038122697421, 0.03283677719045331, 0.010571840461316675, 0.00608681723530354, 0.002723049815793689, 0.0016017940092904052, 0.0008008970046452026, 0.0004805382027871216, 0.0004805382027871216, 0.00032035880185808104, 0.00032035880185808104, 0.00032035880185808104, 0.00032035880185808104, 0.00032035880185808104], "frameSizeSec": 0.1}