{"data": [0.32741729376686074, 0.23086752804202754, 0.19182166690330824, 0.13630555161152919, 0.485304557716882, 0.38776089734488145, 0.5179610961238109, 0.7137583416157888, 0.3065455061763453, 0.2572767286667613, 0.4858724975152634, 0.2790004259548488, 0.301860002839699, 0.4314922618202471, 0.024847366179185006, 0.5876757063751242, 0.5704955274740877, 0.2317194377395996, 0.32457759477495385, 0.27758057645889533, 0.15305977566377965, 0.8242226324009655, 0.5537413034218372, 0.48118699417861704, 0.3505608405509016, 0.14951015192389608, 0.062047422973164845, 0.022859576884850207, 0.23853471532017606, 0.04884282266079795, 0.6884850205878177, 0.48672440721283544, 0.622745988925174, 0.4354678404089167, 0.45023427516683234, 0.7824790572199347, 0.6328269203464433, 0.1019451938094562, 0.2802782905012069, 0.15107198636944483, 0.406218940792276, 0.7232713332386767, 0.5022007667187278, 0.22234843106630697, 0.23683089592503195, 0.539542808462303, 1.0, 0.39528609967343464, 0.3541104642907852, 0.8023569501632827, 0.29802640920062473, 0.291921056368025, 0.11372994462586966, 0.311372994462587, 0.23711486582422264, 0.36120971177055233, 0.45733352264659943, 0.5432344171517819, 0.18188272043163425, 0.0817833309669175, 0.07326423399119693, 0.00539542808462303, 0.0017038193951441148, 0.0009938946471674003, 0.0004259548487860287], "frameSizeSec": 0.1}