{"data": [0.0, 0.0, 0.0, 0.06684567552289429, 0.5056529112492933, 0.20223289994347088, 0.3859525155455059, 0.3280101752402487, 0.13355002826455625, 0.15163934426229508, 0.319672131147541, 0.5990672696438666, 0.2849067269643867, 0.09101187111362352, 0.1223855285472018, 0.3723855285472018, 0.3711136235161108, 0.11616732617297909, 0.12351611079706049, 0.1758055398530243, 0.34454494064443186, 0.2173544375353307, 0.13609383832673827, 0.39245336348219334, 0.41789146410401357, 0.5074901074053138, 0.1141888072357264, 0.4608535895986433, 0.5912945166760882, 0.27020915771622384, 0.3791690220463539, 0.2194742792538157, 0.6536178631995477, 0.5929903900508762, 0.720887507066139, 0.3592425098925947, 0.20336348219332956, 0.34440361786319956, 0.5794234030525721, 0.5596382136800452, 0.4625494629734313, 0.06613906161673262, 0.015545505935556812, 0.021763708309779535, 0.3148671565856416, 0.390616167326173, 0.18711136235161108, 0.25551158846806105, 0.39089881288863765, 0.39824759751271904, 0.10895986433013001, 0.1611079706048615, 0.08295647258338044, 0.24279253815715093, 0.18046919163369135, 1.0, 0.8616449971735444, 0.24604296212549462, 0.27628603730921425, 0.13962690785754664, 0.9663651780667043, 0.4557659694742793, 0.12012436404748446, 0.8663086489542114, 0.6890898812888637, 0.11503674392312041, 0.2556529112492934, 0.1105144149236857, 0.009609949123798756, 0.0029677784058790278, 0.001978518937252685, 0.0007066139061616733, 0.00042396834369700395, 0.00014132278123233464, 0.0, 0.0, 0.0, 0.0, 0.0, 0.0, 0.0, 0.0, 0.0, 0.0], "frameSizeSec": 0.1}