{"data": [0.000459911083857121, 0.513260769584547, 0.7600797179212019, 0.7533343553579641, 0.34048750574888853, 0.3122796259389851, 0.5379426644182125, 0.19714855128008585, 0.07082630691399663, 0.00505902192242833, 0.002452859113904645, 0.007971792120190096, 0.5578721447186877, 1.0, 0.8502222903571977, 0.061781388931473245, 0.9006592058868619, 0.37053502989422044, 0.7209872757933466, 0.5984976237927334, 0.7775563391077724, 0.7084163728345854, 0.44596044764678827, 0.19408247738770504, 0.1896366702437529, 0.4274107005978844, 0.28315192396136746, 0.3645561858040779, 0.17231335275180132, 0.5046757626858808, 0.6533803464663498, 0.16020236087689713, 0.15299708722980224, 0.19745515866932392, 0.2095661505442281, 0.3328223210179365, 0.2095661505442281, 0.18089835965046758, 0.0791047064234248, 0.006745362563237774, 0.0032193775869998466, 0.001992948030047524, 0.5825540395523532, 0.4780009198221677, 0.5408554346159743, 0.24911850375594052, 0.3685420818641729, 0.8448566610455311, 0.46451019469569216, 0.6306913996627319, 0.04016556799018856, 0.35060554959374524, 0.47248198681588227, 0.22719607542541775, 0.5912923501456385, 0.2391537636057029, 0.28759773110531967, 0.4117737237467423, 0.26659512494251114, 0.1418059175226123, 0.15882262762532576, 0.00505902192242833, 0.6207266595124943, 0.5537329449639736, 0.9207419898819561, 0.32239766978384177, 0.570136440288211, 0.6794419745515867, 0.31703204047217537, 0.365016096887935, 0.3211712402268895, 0.7059635137206807, 0.35229189023455465, 0.6811283151923961, 0.9897286524605243, 0.9731718534416679, 0.547447493484593, 0.3056875670703664, 0.23884715621646482, 0.6110685267514947, 0.9337728039245746, 0.14901119116970718, 0.21324543921508507, 0.16480147171546836, 0.07235934386018703, 0.31871838111298484, 0.6797485819408248, 0.6661045531197302, 0.4953242373141193, 0.15468342787061168, 0.27012110991874905, 0.22458991261689407, 0.3033880116510808, 0.7884409014257243, 0.45331902498850224, 0.21125249118503756, 0.2951096121416526, 0.095048290663805, 0.004139199754714089, 0.002452859113904645, 0.0010731258623332823, 0.0006132147784761613, 0.00030660738923808065, 0.00015330369461904033, 0.0, 0.0, 0.0, 0.0], "frameSizeSec": 0.1}