{"data": [0.352039419655078, 0.8558718861209964, 0.5176567205036956, 0.10922529427867506, 0.11428962496578154, 0.8111141527511634, 1.0, 0.21584998631261976, 0.8476594579797426, 0.8238434163701067, 0.4473035860936217, 0.3829728989871339, 0.9382699151382425, 0.5016424856282508, 0.6398850260060225, 0.45702162606077196, 0.07021626060771968, 0.012181768409526417, 0.004927456884752259, 0.0026006022447303584, 0.0010949904188338351], "frameSizeSec": 0.1}