{"data": [0.21147306246643996, 0.7068194021836406, 0.2540719527474494, 0.6217111150885986, 0.40764274207982815, 0.46098084839806697, 0.48210130660461786, 0.5749955253266511, 0.1306604617862896, 0.3500984428136746, 1.0, 0.6598353320207625, 0.6514229461249329, 0.3265616609987471, 0.06157150528011455, 0.015392876320028637, 0.006085555754429927, 0.0024163236083765884, 0.0011634150706998389, 0.0005369608018614641, 0.00035797386790764276, 0.00017898693395382138, 8.949346697691069e-05], "frameSizeSec": 0.1}