{"data": [0.12688721136767317, 0.5667184724689165, 0.4089698046181172, 0.09857904085257549, 0.3465808170515098, 0.8265985790408525, 0.15597246891651864, 0.054729129662522205, 0.143095026642984, 0.8963143872113677, 0.38798845470692717, 0.10301953818827708, 0.6504218472468917, 0.6726243339253997, 0.050621669626998225, 0.1783969804618117, 0.6853907637655418, 1.0, 0.18938721136767317, 0.6523090586145648, 0.4494893428063943, 0.2438943161634103, 0.6205595026642984, 0.45059946714031973, 0.08115008880994672, 0.014764653641207815, 0.009880106571936057, 0.005439609236234458, 0.0018872113676731794, 0.0009991119005328597, 0.0004440497335701599], "frameSizeSec": 0.1}