{"data": [0.4732287099007616, 0.8153704131087006, 0.43803369489960764, 0.4458804523424879, 0.4180706208169859, 1.0, 0.3625663512577891, 0.0395799676898223, 0.01384721901684745, 0.35321947842141704, 0.68578352180937, 0.3232171705515809, 0.48072928686822064, 0.3368336025848142, 0.40826217401338566, 0.808562197092084, 0.3971843987999077, 0.09704592660973921, 0.18405261943226403, 0.825294253404108, 0.4708054465728133, 0.37779829217632127, 0.2485575813524117, 0.7236325871220863, 0.2689822294022617, 0.4633048696053543, 0.9177244403415648, 0.48430648511423957, 0.18855296561273943, 0.02480960073851835, 0.013962612508654512, 0.00611585506577429, 0.0024232633279483036, 0.0013847219016847449, 0.0006923609508423724, 0.0003461804754211862, 0.00011539349180706209, 0.0], "frameSizeSec": 0.1}