{"data": [0.07603195739014647, 0.7513981358189081, 0.4255659121171771, 0.13129161118508656, 0.7049267643142477, 0.44873501997336884, 0.5568575233022637, 0.7700399467376831, 0.2820239680426099, 0.6912117177097203, 0.8227696404793609, 0.28575233022636487, 0.1455392809587217, 0.5363515312916112, 1.0, 0.23382157123834887, 0.5833555259653795, 0.5716378162450066, 0.5138482023968043, 0.8138482023968042, 0.4528628495339547, 0.059121171770972036, 0.014913448735019973, 0.009454061251664448, 0.00492676431424767, 0.0021304926764314247, 0.0010652463382157123, 0.0005326231691078562, 0.0002663115845539281, 0.00013315579227696404], "frameSizeSec": 0.1}