{"data": [0.00013559322033898305, 0.19633898305084746, 0.4406779661016949, 0.7023728813559322, 0.26277966101694916, 0.2726779661016949, 0.2753898305084746, 0.021559322033898307, 0.5026440677966102, 0.3293559322033898, 0.3487457627118644, 0.0832542372881356, 0.7456271186440678, 0.6410847457627119, 0.5159322033898305, 0.4192542372881356, 0.8858305084745762, 0.22183050847457628, 0.1637966101694915, 0.03227118644067797, 0.16827118644067796, 0.8893559322033898, 0.46467796610169493, 0.2295593220338983, 0.6185762711864407, 0.3749152542372881, 0.17938983050847457, 0.319864406779661, 1.0, 0.4922033898305085, 0.40596610169491526, 0.8676610169491525, 0.13572881355932204, 0.3077966101694915, 0.16298305084745762, 0.6927457627118644, 0.48745762711864404, 0.13477966101694916, 0.1103728813559322, 0.33559322033898303, 0.552271186440678, 0.16203389830508474, 0.18237288135593221, 0.3566101694915254, 0.6322711864406779, 0.7182372881355932, 0.5216271186440677, 0.4390508474576271, 0.3896949152542373, 0.5651525423728814, 0.3136271186440678, 0.1656949152542373, 0.5304406779661017, 0.4615593220338983, 0.17044067796610168, 0.151864406779661, 0.10183050847457627, 0.005288135593220339, 0.002033898305084746, 0.0010847457627118644, 0.0005423728813559322, 0.0002711864406779661], "frameSizeSec": 0.1}