{"data": [0.5536044362292052, 0.38000616142945165, 0.07054836722119531, 0.42667898952556993, 0.4048059149722736, 0.11860751694393099, 0.1361675908810844, 0.34873690696241527, 0.1406346272335182, 0.1338570548367221, 0.03619839802834258, 0.00585335797905114, 0.0015403573629081946, 0.0, 0.00015403573629081948, 0.7435304990757856, 0.5138632162661737, 0.3926370918052988, 0.6571164510166358, 0.2858903265557609, 0.5643869377695625, 0.21457178065311153, 0.23952556993222426, 0.35089340727048673, 0.029420825631546518, 0.33256315465187924, 0.2262784966112138, 0.586105976586568, 0.8598274799753542, 0.3157732593961799, 0.3467344423906346, 0.029574861367837338, 0.3695317313616759, 0.6082871226124461, 0.19239063462723352, 0.20147874306839186, 0.15573012939001848, 0.6266173752310537, 0.9148182378311769, 0.5884165126309304, 0.04343807763401109, 0.7165742452248922, 0.3898644485520641, 0.2563154651879236, 0.15773259396179914, 0.36352433764633396, 0.11829944547134935, 0.30576093653727665, 0.1574245224892175, 0.2199630314232902, 0.23321010474430068, 0.4973813924830561, 0.11983980283425755, 0.5780961182994455, 0.28604436229205177, 1.0, 0.9679605668515096, 0.7874306839186691, 0.2453789279112754, 0.10135551447935921, 0.013247073321010475, 0.010936537276648183, 0.0033887861983980284, 0.5659272951324708, 0.3929451632778805, 0.6395563770794824, 0.7204251386321626, 0.4192852741836106, 0.17452248921749847, 0.9835181762168823, 0.5636167590881085, 0.26571164510166356, 0.04390018484288355, 0.39202094886013555, 0.09426987060998152, 0.35012322858903266, 0.6153727664818238, 0.3085335797905114, 0.11167590881084412, 0.2752618607516944, 0.3267097966728281, 0.30175600739371533, 0.6112138016019717, 0.17159581022797288, 0.32224276032039434, 0.45455945779420825, 0.27556993222427606, 0.14386937769562538, 0.22966728280961182, 0.0774799753542822, 0.005545286506469501, 0.002618607516943931, 0.0016943930991990142, 0.0006161429451632779, 0.00030807147258163895, 0.00015403573629081948, 0.0], "frameSizeSec": 0.1}