{"data": [0.0002704895861509332, 0.21152285637002977, 0.10535569380578848, 0.4498241817690019, 0.6461996213145794, 0.33270219096564785, 0.4707871246956992, 0.41628347308628616, 0.908980254260211, 0.2650797944279145, 0.6740600486881255, 0.6714903976196916, 0.5981877197727887, 0.4195293481200974, 0.07533134974303489, 0.259129023532594, 0.2621044089802543, 0.28279686232080065, 0.4925615363808493, 0.23370300243440628, 0.6264538815255613, 0.8390586962401948, 0.2891533675953476, 0.18366242899648363, 0.5769542872599405, 0.6889369759264269, 0.7500676223965377, 0.5348931566134704, 0.7541249661888018, 0.16783878820665404, 0.2526372734649716, 0.2008385177170679, 0.21409250743846361, 0.6720313767919935, 0.3510954828239113, 0.07411414660535569, 0.09494184473897754, 0.013389234514471193, 0.33459561806870436, 0.2923992426291588, 0.2219367054368407, 0.06748715174465783, 0.6371382201785232, 0.24885041925885854, 0.31363267514200704, 0.2696781173924804, 0.6099540167703543, 0.6463348661076549, 1.0, 0.9527995672166621, 0.3249932377603462, 0.2928049770083852, 0.2380308358128212, 0.3093048417635921, 0.24222342439816066, 0.3509602380308358, 0.46267243711117123, 0.14822829321071138, 0.25885853394644304, 0.34446848796321344, 0.5371923180957533, 0.20381390316472817, 0.46618880173113336, 0.5227211252366784, 0.9802542602109818, 0.4956721666215851, 0.1886664863402759, 0.2887476332161212, 0.3911279415742494, 0.32769813362185557, 0.09061401136056262, 0.007979442791452528, 0.0025696510684338654, 0.0016229375169055991, 0.0008114687584527996, 0.0005409791723018664, 0.0002704895861509332, 0.0001352447930754666], "frameSizeSec": 0.1}