{"data": [0.003962703962703963, 0.560955710955711, 0.25081585081585084, 0.206993006993007, 0.6913752913752914, 0.5495337995337995, 0.14242424242424243, 0.6325174825174825, 0.42843822843822843, 0.21247086247086247, 0.026573426573426574, 0.5731934731934732, 0.30594405594405594, 0.27016317016317015, 0.12377622377622377, 0.12832167832167832, 1.0, 0.334965034965035, 0.09685314685314686, 0.35233100233100234, 0.35233100233100234, 0.47692307692307695, 0.3655011655011655, 0.1737762237762238, 0.1844988344988345, 0.15058275058275059, 0.19766899766899768, 0.10081585081585082, 0.09207459207459208, 0.3346153846153846, 0.37948717948717947, 0.5144522144522145, 0.04522144522144522, 0.15431235431235432, 0.2444055944055944, 0.5227272727272727, 0.41305361305361304, 0.09662004662004663, 0.009790209790209791, 0.14417249417249417, 0.18216783216783217, 0.08566433566433566, 0.6397435897435897, 0.3321678321678322, 0.25769230769230766, 0.27354312354312355, 0.17634032634032634, 0.7024475524475524, 0.4092074592074592, 0.11165501165501165, 0.5662004662004662, 0.15489510489510488, 0.43974358974358974, 0.5177156177156177, 0.33927738927738926, 0.38764568764568763, 0.05501165501165501, 0.008974358974358974, 0.005710955710955711, 0.3022144522144522, 0.1358974358974359, 0.13648018648018648, 0.22447552447552446, 0.12261072261072262, 0.07331002331002331, 0.2687645687645688, 0.19883449883449883, 0.1780885780885781, 0.7243589743589743, 0.38065268065268065, 0.1751748251748252, 0.1836829836829837, 0.3764568764568765, 0.3346153846153846, 0.6618881118881119, 0.31771561771561774, 0.12540792540792542, 0.3475524475524476, 0.11655011655011654, 0.32016317016317014, 0.4319347319347319, 0.2381118881118881, 0.1372960372960373, 0.48053613053613053, 0.6291375291375292, 0.15454545454545454, 0.27913752913752915, 0.45372960372960375, 0.1893939393939394, 0.04195804195804196, 0.007575757575757576, 0.08624708624708624, 0.019230769230769232, 0.001048951048951049, 0.0004662004662004662, 0.00034965034965034965, 0.00011655011655011655, 0.0, 0.0, 0.0], "frameSizeSec": 0.1}